OID_,OBJECTID,UTMX,UTMY,LongitudeI,LatitudeI
25055,25056,658132.4589,4768084.634,-79.058403,43.048985
11051,11052,658117.2491,4768084.913,-79.058589,43.048991
22072,22073,658125.8207,4768085.115,-79.058484,43.048991
5782,5783,658144.0034,4768085.404,-79.058261,43.048989
19740,19741,658161.4697,4768085.423,-79.058046,43.048986
4236,4237,658149.3908,4768085.5,-79.058195,43.048989
10598,10599,658192.9802,4768086.273,-79.05766,43.048987
21666,21667,658175.1788,4768086.289,-79.057878,43.048991
14333,14334,658214.5541,4768090.141,-79.057394,43.049017
14433,14434,658217.6823,4768090.149,-79.057355,43.049017
15326,15327,658314.773,4768091.857,-79.056163,43.049012
9911,9912,658230.0077,4768092.193,-79.057203,43.049033
12200,12201,658238.717,4768092.358,-79.057097,43.049032
5969,5970,658331.3201,4768092.674,-79.05596,43.049016
19776,19777,658339.1127,4768093.155,-79.055864,43.049018
7762,7763,658460.7222,4768099.678,-79.05437,43.049052
15307,15308,658470.4351,4768099.878,-79.054251,43.049052
8133,8134,658488.5666,4768100.383,-79.054028,43.049052
8445,8446,658507.3292,4768101.061,-79.053798,43.049055
13612,13613,658526.3312,4768101.956,-79.053564,43.049059
8559,8560,658561.1342,4768103.783,-79.053137,43.049068
18730,18731,658543.2082,4768103.787,-79.053357,43.049072
24214,24215,658580.5833,4768104.462,-79.052898,43.04907
8470,8471,658616.3145,4768106.085,-79.052459,43.049077
13494,13495,658597.472,4768106.175,-79.05269,43.049082
23416,23417,658635.7804,4768106.446,-79.05222,43.049076
16855,16856,658670.6086,4768108.645,-79.051792,43.049089
17557,17558,658760.6902,4768111.539,-79.050686,43.049096
10146,10147,658733.4016,4768112.139,-79.051021,43.049107
3924,3925,658794.6822,4768113.003,-79.050268,43.049102
8311,8312,658822.0674,4768114.254,-79.049932,43.049108
4103,4104,658803.0039,4768115.168,-79.050166,43.04912
8050,8051,658851.5513,4768115.365,-79.04957,43.049111
15895,15896,658860.835,4768115.365,-79.049456,43.049109
23206,23207,658877.4928,4768116.69,-79.049251,43.049118
18117,18118,658923.7665,4768117.556,-79.048683,43.049116
3919,3920,658905.7971,4768118.363,-79.048903,43.049127
6488,6489,658934.2047,4768118.47,-79.048555,43.049122
22380,22381,658959.4192,4768119.37,-79.048245,43.049125
8367,8368,658993.762,4768120.303,-79.047823,43.049126
18126,18127,658974.2828,4768120.524,-79.048062,43.049132
919,920,659026.8888,4768122.157,-79.047416,43.049136
18798,18799,659039.3954,4768123.264,-79.047262,43.049143
7096,7097,658098.0527,4768168.658,-79.058801,43.049748
9628,9629,658122.2991,4768169.554,-79.058503,43.049751
21168,21169,658277.6669,4768170.995,-79.056596,43.049732
10989,10990,658143.6071,4768171.99,-79.058241,43.049769
3152,3153,658428.2771,4768177.789,-79.054746,43.049762
624,625,658107.2686,4768181.532,-79.058684,43.049862
5894,5895,658119.211,4768182.751,-79.058537,43.049871
17653,17654,658561.3775,4768183.436,-79.053111,43.049785
24747,24748,658138.9312,4768183.524,-79.058295,43.049874
13638,13639,658584.542,4768185.289,-79.052826,43.049796
7593,7594,658603.3614,4768185.41,-79.052595,43.049794
25543,25544,658544.5446,4768185.958,-79.053317,43.049811
3531,3532,658148.5059,4768188.466,-79.058176,43.049916
4121,4122,658729.1289,4768189.442,-79.051051,43.049804
7112,7113,658634.5563,4768190.352,-79.052211,43.049832
10184,10185,658713.274,4768190.678,-79.051245,43.049818
19256,19257,658437.6138,4768190.756,-79.054628,43.049876
7040,7041,658785.8094,4768191.371,-79.050355,43.049809
19736,19737,658746.6871,4768191.371,-79.050835,43.049817
22957,22958,658766.1453,4768191.989,-79.050596,43.049819
24300,24301,658802.2819,4768192.504,-79.050152,43.049816
3862,3863,658818.6342,4768193.763,-79.049951,43.049824
15640,15641,658839.1219,4768194.072,-79.0497,43.049822
13624,13625,658858.5801,4768195.925,-79.049461,43.049835
25391,25392,658877.3268,4768196.358,-79.04923,43.049835
19337,19338,658699.5812,4768196.546,-79.051411,43.049874
13977,13978,658895.6525,4768196.564,-79.049005,43.049833
21030,21031,658564.6602,4768196.786,-79.053067,43.049904
14290,14291,658914.9048,4768197.285,-79.048769,43.049835
10584,10585,658581.3346,4768197.579,-79.052862,43.049908
6127,6128,658933.0246,4768197.902,-79.048546,43.049837
4382,4383,658606.508,4768198.582,-79.052553,43.049912
16264,16265,658549.2758,4768198.798,-79.053255,43.049925
13469,13470,658596.225,4768198.914,-79.052679,43.049917
12766,12767,658161.5568,4768199.994,-79.058013,43.050017
4122,4123,658642.9985,4768201.162,-79.052105,43.049927
16915,16916,658624.5816,4768201.519,-79.05233,43.049934
21836,21837,658538.6294,4768201.617,-79.053385,43.049953
3030,3031,658447.4551,4768202.292,-79.054504,43.049978
22942,22943,658738.9231,4768203.722,-79.050927,43.04993
20679,20680,658627.452,4768203.862,-79.052295,43.049955
18128,18129,658448.8449,4768204.557,-79.054486,43.049998
16016,16017,658709.3755,4768204.675,-79.051289,43.049945
13113,13114,658773.1514,4768204.739,-79.050506,43.049932
4449,4450,658511.7549,4768204.995,-79.053714,43.049989
25718,25719,658756.6788,4768204.996,-79.050708,43.049938
10978,10979,658790.708,4768205.081,-79.050291,43.049932
4381,4382,658684.6977,4768206.546,-79.051591,43.049967
20311,20312,658453.8693,4768206.657,-79.054424,43.050016
8888,8889,658828.2483,4768207.417,-79.049829,43.049945
25294,25295,658631.3738,4768208.79,-79.052245,43.049998
7065,7066,658864.3995,4768208.828,-79.049385,43.04995
19126,19127,658884.1844,4768209.779,-79.049142,43.049954
20893,20894,658170.8188,4768209.975,-79.057896,43.050105
8441,8442,658901.5321,4768210.242,-79.048929,43.049955
23200,23201,658922.4311,4768210.74,-79.048673,43.049955
19780,19781,658937.8741,4768211.358,-79.048483,43.049957
24107,24108,658521.6873,4768211.849,-79.05359,43.050049
5655,5656,658700.1188,4768211.88,-79.051401,43.050012
14570,14571,658459.1416,4768213.68,-79.054357,43.050078
5898,5899,658635.4668,4768213.856,-79.052193,43.050043
18218,18219,658653.043,4768214.099,-79.051978,43.050041
14117,14118,658498.268,4768214.57,-79.053877,43.050078
10117,10118,658196.7599,4768214.978,-79.057577,43.050145
24689,24690,658671.8285,4768216.327,-79.051746,43.050058
9898,9899,658202.7279,4768221.328,-79.057502,43.0502
3595,3596,658470.1094,4768224.231,-79.05422,43.050171
6799,6800,658507.4647,4768224.613,-79.053761,43.050166
13039,13040,658469.9549,4768228.092,-79.05422,43.050206
12076,12077,658675.999,4768231.183,-79.051691,43.05019
8746,8747,658470.4704,4768231.63,-79.054213,43.050237
24596,24597,658195.866,4768235.546,-79.057582,43.05033
2148,2149,658665.8066,4768236.64,-79.051815,43.050242
1621,1622,658195.5717,4768237.004,-79.057585,43.050343
9886,9887,658178.8999,4768237.545,-79.057789,43.050351
15382,15383,658202.0063,4768238.6,-79.057506,43.050356
23477,23478,658201.8995,4768239.029,-79.057507,43.05036
9674,9675,658202.2757,4768239.847,-79.057502,43.050367
19319,19320,658465.1339,4768240.294,-79.054276,43.050316
11399,11400,658362.2166,4768243.278,-79.055538,43.050365
1439,1440,658193.4383,4768244.234,-79.057609,43.050409
887,888,658295.8958,4768244.378,-79.056352,43.050388
4378,4379,658634.9062,4768246.327,-79.052191,43.050335
15495,15496,658478.1731,4768247.033,-79.054114,43.050374
14247,14248,658210.2337,4768247.434,-79.057402,43.050434
7618,7619,658367.0419,4768249.294,-79.055477,43.050418
17685,17686,658452.6762,4768250.366,-79.054426,43.05041
19274,19275,658179.1061,4768253.044,-79.057782,43.050491
23297,23298,658217.3702,4768253.094,-79.057313,43.050483
7865,7866,658644.3602,4768253.908,-79.052073,43.050402
3435,3436,658192.7485,4768254.504,-79.057615,43.050501
7926,7927,658624.3234,4768254.619,-79.052318,43.050412
14752,14753,658467.8745,4768256.89,-79.054238,43.050465
23509,23510,658245.6262,4768257.849,-79.056965,43.05052
1631,1632,658259.8848,4768258.501,-79.05679,43.050523
17891,17892,658224.408,4768260.715,-79.057224,43.05055
1618,1619,658190.5253,4768260.858,-79.05764,43.050559
12894,12895,658461.382,4768261.466,-79.054316,43.050508
18240,18241,658635.0789,4768262.604,-79.052184,43.050482
23188,23189,658608.8949,4768266.996,-79.052504,43.050527
18646,18647,658422.9413,4768272.952,-79.054785,43.050619
7825,7826,658390.6458,4768275.232,-79.05518,43.050646
4187,4188,658191.528,4768276.648,-79.057623,43.050701
24105,24106,658615.2145,4768278.1,-79.052424,43.050625
9693,9694,658436.1137,4768281.152,-79.054621,43.05069
8213,8214,658178.3726,4768281.913,-79.057783,43.050751
22273,22274,658583.5849,4768283.101,-79.05281,43.050677
24771,24772,658190.3009,4768283.183,-79.057636,43.05076
25898,25899,658231.3381,4768283.491,-79.057133,43.050754
10704,10705,658753.0192,4768283.978,-79.050731,43.050649
4462,4463,658771.9627,4768285.42,-79.050498,43.050658
9226,9227,658603.7426,4768285.973,-79.052562,43.050699
3821,3822,658808.923,4768286.14,-79.050044,43.050657
25670,25671,658227.4322,4768286.767,-79.05718,43.050784
17650,17651,658826.3925,4768287.4,-79.049829,43.050665
15496,15497,658858.6684,4768287.554,-79.049433,43.05066
11954,11955,658843.9461,4768288.172,-79.049614,43.050668
12818,12819,658913.1169,4768290.388,-79.048764,43.050674
18729,18730,658421.3229,4768290.579,-79.054799,43.050778
7570,7571,658896.0781,4768290.954,-79.048973,43.050682
13796,13797,658931.1338,4768292.344,-79.048543,43.050687
2637,2638,658417.5276,4768292.784,-79.054845,43.050799
3310,3311,658726.1198,4768292.798,-79.051058,43.050734
18773,18774,658219.5064,4768293.455,-79.057275,43.050846
22257,22258,658593.1044,4768293.62,-79.05269,43.05077
13740,13741,658392.5434,4768296.917,-79.055151,43.050841
13778,13779,658191.1537,4768297.328,-79.057622,43.050887
4485,4486,658759.36,4768298.18,-79.050649,43.050776
25221,25222,658779.4298,4768298.723,-79.050402,43.050777
5794,5795,658796.4171,4768298.775,-79.050194,43.050774
11888,11889,658566.6724,4768299.524,-79.053013,43.050828
6956,6957,658830.9638,4768300.118,-79.04977,43.050778
2413,2414,658212.6969,4768300.841,-79.057357,43.050914
723,724,658741.7268,4768301.277,-79.050864,43.050807
9781,9782,658177.5672,4768301.317,-79.057788,43.050926
19966,19967,658849.7013,4768301.662,-79.049539,43.050788
22371,22372,658867.7042,4768301.748,-79.049318,43.050785
25635,25636,658407.7499,4768301.873,-79.054963,43.050883
19386,19387,658903.9167,4768302.428,-79.048874,43.050784
3644,3645,658883.3531,4768302.984,-79.049126,43.050793
18854,18855,658920.8525,4768303.818,-79.048666,43.050793
6974,6975,658713.6471,4768303.953,-79.051208,43.050837
17753,17754,658191.6505,4768307.345,-79.057613,43.050977
7561,7562,658206.2469,4768307.83,-79.057434,43.050978
3318,3319,658198.9141,4768314.312,-79.057522,43.051038
7919,7920,658951.216,4768317.142,-79.048289,43.050906
1194,1195,658712.7084,4768319.338,-79.051215,43.050976
8771,8772,658541.03,4768319.346,-79.053322,43.051012
17504,17505,658559.1805,4768319.551,-79.053099,43.05101
24033,24034,658359.0689,4768321.3,-79.055555,43.051068
7014,7015,658210.1497,4768322.261,-79.057382,43.051107
17248,17249,658172.7229,4768324.489,-79.05784,43.051135
1619,1620,658682.6312,4768324.755,-79.051583,43.051031
23403,23404,658373.5481,4768325.274,-79.055376,43.0511
24809,24810,658934.7986,4768326.428,-79.048488,43.050993
22998,22999,658700.7139,4768327.5,-79.05136,43.051052
18172,18173,658175.4751,4768330.506,-79.057805,43.051189
18819,18820,658525.6091,4768331.489,-79.053508,43.051125
3905,3906,658675.8363,4768332.168,-79.051664,43.051099
14041,14042,658343.9809,4768334.873,-79.055736,43.051193
3243,3244,658668.1941,4768337.046,-79.051757,43.051145
12967,12968,658534.4175,4768338.941,-79.053398,43.05119
14329,14330,658687.5884,4768339.083,-79.051518,43.051159
13706,13707,658511.2684,4768342.553,-79.053681,43.051227
2117,2118,658355.019,4768343.069,-79.055598,43.051264
17096,17097,658329.9053,4768347.476,-79.055905,43.051309
8839,8840,658498.5193,4768352.697,-79.053834,43.051321
2794,2795,658516.3715,4768353.744,-79.053615,43.051327
15550,15551,658928.4229,4768356.783,-79.048558,43.051268
4047,4048,658338.2581,4768357.163,-79.0558,43.051395
10811,10812,658316.7376,4768360.357,-79.056063,43.051428
8336,8337,658688.4285,4768361.255,-79.051501,43.051358
4601,4602,658654.8031,4768364.834,-79.051913,43.051398
5304,5305,658482.6737,4768364.96,-79.054025,43.051435
12549,12550,658501.2819,4768366.866,-79.053796,43.051448
14658,14659,658326.4933,4768367.419,-79.055941,43.051489
3523,3524,658306.6306,4768368.055,-79.056185,43.051499
7784,7785,658677.5678,4768370.729,-79.051632,43.051446
12809,12810,658467.5958,4768375.413,-79.054207,43.051532
21759,21760,658638.7811,4768375.823,-79.052107,43.0515
7459,7460,658105.9376,4768378.336,-79.058645,43.051634
15939,15940,658291.5922,4768381.143,-79.056366,43.05162
6475,6476,658311.2667,4768381.269,-79.056124,43.051617
3353,3354,658626.9625,4768385.523,-79.052249,43.05159
5738,5739,658711.4626,4768386.687,-79.051211,43.051582
657,658,658932.9841,4768387.364,-79.048493,43.051542
21232,21233,658917.6444,4768391.875,-79.04868,43.051586
12517,12518,658275.7835,4768396.574,-79.056555,43.051762
2762,2763,658835.161,4768399.411,-79.04969,43.051671
22052,22053,658287.7582,4768401.884,-79.056407,43.051808
1381,1382,658927.8315,4768403.108,-79.048552,43.051685
13164,13165,658266.4589,4768404.541,-79.056667,43.051836
12955,12956,658709.3477,4768405.751,-79.051232,43.051755
11161,11162,658430.9936,4768405.774,-79.054648,43.051813
19149,19150,658802.9023,4768408.198,-79.050083,43.051757
24892,24893,658913.4637,4768410.128,-79.048726,43.051751
5984,5985,658778.8953,4768413.218,-79.050376,43.051807
10911,10912,658274.7909,4768415.137,-79.056562,43.05193
7061,7062,658613.1428,4768416.001,-79.05241,43.051867
6168,6169,658418.8854,4768416.844,-79.054793,43.051915
23607,23608,658566.9606,4768418.523,-79.052976,43.051899
23980,23981,658247.8097,4768421.111,-79.056892,43.051989
17321,17322,658264.9937,4768423.464,-79.05668,43.052007
4931,4932,658601.0683,4768424.094,-79.052556,43.051942
4113,4114,658785.972,4768425.889,-79.050286,43.05192
14324,14325,658920.9451,4768425.98,-79.04863,43.051892
17911,17912,658408.5592,4768426.621,-79.054917,43.052005
9254,9255,658623.4332,4768426.754,-79.05228,43.051961
11326,11327,658552.5047,4768428.681,-79.05315,43.051994
10298,10299,658908.842,4768429.071,-79.048777,43.051923
1527,1528,658775.2258,4768434.641,-79.050415,43.052001
1704,1705,658566.3994,4768434.769,-79.052978,43.052046
3548,3549,658229.4966,4768436.964,-79.057112,43.052136
14301,14302,658396.1362,4768438.352,-79.055066,43.052113
18884,18885,658247.1239,4768438.697,-79.056895,43.052147
18580,18581,658918.6174,4768439.406,-79.048654,43.052014
11284,11285,658616.6775,4768442.195,-79.052359,43.052102
5787,5788,658638.1103,4768442.831,-79.052096,43.052103
5018,5019,658902.1534,4768445.21,-79.048855,43.052069
15146,15147,658628.5888,4768454.273,-79.052209,43.052208
8275,8276,658376.8534,4768454.95,-79.055298,43.052267
2805,2806,658649.2249,4768455.443,-79.051956,43.052214
17063,17064,658544.793,4768458.323,-79.053236,43.052262
20288,20289,658894.8643,4768460.934,-79.04894,43.052212
6015,6016,658654.1389,4768461.513,-79.051894,43.052268
15682,15683,658365.0436,4768465.459,-79.05544,43.052364
25861,25862,658893.3575,4768466.609,-79.048956,43.052264
7709,7710,658641.472,4768468.583,-79.052047,43.052334
9259,9260,658662.0013,4768470.185,-79.051795,43.052344
12849,12850,658352.0519,4768477.106,-79.055596,43.052471
24390,24391,658651.3923,4768479.034,-79.051922,43.052426
6707,6708,658544.1206,4768479.609,-79.053239,43.052454
8255,8256,658887.901,4768481.846,-79.049019,43.052402
851,852,658086.6288,4768482.819,-79.058852,43.052578
9905,9906,658900.1399,4768484.19,-79.048868,43.052421
21740,21741,658675.3592,4768484.661,-79.051627,43.052472
2626,2627,659098.6664,4768485.634,-79.046432,43.052392
10027,10028,658662.7395,4768491.364,-79.05178,43.052535
22921,22922,658333.8498,4768493.076,-79.055815,43.052619
454,455,658559.3442,4768496.737,-79.053047,43.052605
13621,13622,658688.2512,4768497.9,-79.051465,43.052588
11750,11751,658879.9059,4768500.98,-79.049112,43.052576
23085,23086,658824.5926,4768504.04,-79.04979,43.052615
23352,23353,658674.9948,4768504.047,-79.051626,43.052646
8916,8917,658570.5488,4768509.568,-79.052906,43.052718
20824,20825,658700.3005,4768511.062,-79.051313,43.052704
8375,8376,658313.8853,4768511.383,-79.056055,43.052788
15025,15026,658688.9788,4768521.821,-79.051449,43.052803
11759,11760,658855.3757,4768522.057,-79.049407,43.052771
17706,17707,658103.5918,4768522.156,-79.058633,43.052928
14606,14607,658711.5737,4768524.185,-79.051171,43.05282
7129,7130,658584.5528,4768524.281,-79.05273,43.052847
15944,15945,658832.2005,4768524.867,-79.04969,43.052801
20926,20927,658111.6688,4768529.908,-79.058531,43.052997
16074,16075,658701.0653,4768534.36,-79.051297,43.052914
7295,7296,658594.446,4768536.004,-79.052605,43.052951
16235,16236,658726.7484,4768539.933,-79.05098,43.052958
4682,4683,658877.1931,4768542.524,-79.049133,43.05295
5207,5208,658318.117,4768546.009,-79.055993,43.053098
5856,5857,658323.1631,4768550.005,-79.05593,43.053133
22168,22169,658610.0156,4768552.111,-79.052409,43.053092
786,787,659022.1863,4768554.265,-79.04735,43.053026
23586,23587,658853.489,4768555.031,-79.049421,43.053068
7558,7559,659008.2137,4768555.577,-79.047522,43.05304
20671,20672,658151.5751,4768556.073,-79.058034,43.053224
5888,5889,658867.5665,4768558.707,-79.049247,43.053098
2521,2522,659030.0583,4768561.743,-79.047252,43.053091
10364,10365,659034.8615,4768563.411,-79.047192,43.053105
7242,7243,658334.7894,4768565.373,-79.055783,43.053269
16391,16392,659100.23,4768565.661,-79.046389,43.053112
11177,11178,658729.7461,4768566.347,-79.050936,43.053196
1923,1924,658343.2988,4768569.687,-79.055677,43.053306
20774,20775,658845.1642,4768570.293,-79.049518,43.053207
10862,10863,658345.8983,4768572.36,-79.055645,43.05333
24515,24516,658860.7067,4768572.427,-79.049327,43.053223
1354,1355,658999.032,4768573.861,-79.047629,43.053207
25864,25865,658345.7126,4768574.811,-79.055646,43.053352
12101,12102,658347.9723,4768576.061,-79.055618,43.053363
24103,24104,659026.8213,4768578.876,-79.047287,43.053246
20302,20303,658349.1236,4768579.961,-79.055603,43.053398
1427,1428,658351.8127,4768580.656,-79.05557,43.053403
11325,11326,658997.064,4768580.749,-79.047651,43.053269
6373,6374,658838.0973,4768582.938,-79.049601,43.053322
13268,13269,659015.5807,4768583.542,-79.047423,43.053291
5016,5017,658355.6006,4768583.887,-79.055522,43.053432
131,132,659008.7351,4768585.655,-79.047507,43.053311
12913,12914,658359.2399,4768587.229,-79.055477,43.053461
11949,11950,658180.9064,4768589.036,-79.057665,43.053514
19919,19920,658361.2825,4768589.494,-79.055451,43.053481
1342,1343,658770.3952,4768589.703,-79.05043,43.053397
15589,15590,658754.1791,4768592.781,-79.050629,43.053428
2476,2477,658366.2768,4768593.697,-79.055389,43.053518
23813,23814,658366.9824,4768595.591,-79.055379,43.053535
23786,23787,658991.4136,4768598.712,-79.047715,43.053432
13967,13968,658369.4619,4768599,-79.055348,43.053565
1090,1091,659001.4535,4768599.103,-79.047592,43.053434
11893,11894,658372.0986,4768600.782,-79.055315,43.05358
8843,8844,658844.6032,4768601.293,-79.049516,43.053486
1567,1568,658783.634,4768604.561,-79.050264,43.053528
15350,15351,658765.9626,4768604.978,-79.05048,43.053536
12223,12224,658998.9225,4768607.457,-79.047621,43.053509
3373,3374,658987.9943,4768608.097,-79.047755,43.053517
16475,16476,658791.3642,4768614.593,-79.050166,43.053617
24004,24005,658672.4192,4768619.001,-79.051624,43.053681
10618,10619,658388.018,4768622.528,-79.055114,43.053773
15398,15399,658802.3595,4768626.146,-79.050028,43.053719
14998,14999,658815.5037,4768626.866,-79.049866,43.053722
25530,25531,658392.5699,4768627.688,-79.055056,43.053818
12699,12700,658992.4893,4768630.92,-79.047693,43.053722
21343,21344,658982.6203,4768631.757,-79.047814,43.053731
23883,23884,658681.1757,4768632.06,-79.051513,43.053797
3011,3012,658396.1075,4768632.265,-79.055012,43.053858
652,653,658790.5725,4768633.116,-79.05017,43.053784
10070,10071,658829.0892,4768636.406,-79.049697,43.053805
7848,7849,658981.0677,4768640.139,-79.047831,43.053807
11223,11224,658404.5701,4768640.691,-79.054905,43.053933
11318,11319,658799.1784,4768642.369,-79.050062,43.053865
1201,1202,658990.6753,4768643.089,-79.047712,43.053832
13441,13442,658229.9259,4768643.486,-79.057048,43.053994
15920,15921,658326.6003,4768645.709,-79.055861,43.053994
13927,13928,658696.0682,4768647.737,-79.051326,43.053935
432,433,658324.4303,4768648.146,-79.055887,43.054016
20412,20413,658412.4621,4768649.304,-79.054806,43.054008
22751,22752,658322.1872,4768649.907,-79.055914,43.054033
10403,10404,658677.4998,4768650.297,-79.051553,43.053962
12571,12572,658821.8084,4768651.479,-79.049782,43.053942
5982,5983,658989.063,4768652.884,-79.047729,43.05392
12938,12939,658809.4945,4768653.387,-79.049932,43.053962
16620,16621,658417.6334,4768654.928,-79.054741,43.054058
17242,17243,658317.1548,4768655.002,-79.055974,43.05408
4711,4712,658242.9523,4768658.47,-79.056884,43.054126
22954,22955,658394.0415,4768659.667,-79.055029,43.054106
10342,10343,658707.5696,4768661.384,-79.051181,43.054056
2513,2514,658151.8958,4768662.728,-79.058,43.054184
23919,23920,658398.6745,4768663.694,-79.054971,43.054141
7664,7665,658426.6468,4768665.064,-79.054627,43.054147
15436,15437,658306.6502,4768667.454,-79.056099,43.054194
19096,19097,658238.5042,4768671.44,-79.056935,43.054244
12475,12476,658258.0967,4768674.961,-79.056693,43.054272
2437,2438,658165.2213,4768676.133,-79.057833,43.054301
3996,3997,658269.5039,4768681.477,-79.056551,43.054328
320,321,658442.6147,4768682.577,-79.054427,43.054302
23017,23018,658729.6653,4768686.328,-79.050903,43.054275
12173,12174,658447.4663,4768687.269,-79.054366,43.054343
15735,15736,658452.3885,4768691.721,-79.054304,43.054382
19187,19188,658455.8141,4768696.231,-79.054261,43.054422
8118,8119,658459.9802,4768700.003,-79.054208,43.054455
20994,20995,658744.9362,4768702.429,-79.050711,43.054417
1311,1312,658754.9455,4768712.982,-79.050585,43.05451
13742,13743,658272.8449,4768713.847,-79.056501,43.054618
6520,6521,658270.5782,4768714.98,-79.056529,43.054629
15020,15021,658200.1007,4768715.196,-79.057393,43.054646
10085,10086,658275.2507,4768717.203,-79.056471,43.054648
6611,6612,658476.2882,4768718.424,-79.054003,43.054617
20673,20674,658305.1118,4768720.371,-79.056103,43.05467
9478,9479,658766.3643,4768724.251,-79.050441,43.054609
24196,24197,659094.0933,4768724.424,-79.046419,43.054542
3272,3273,658256.7069,4768728.18,-79.056695,43.054751
24776,24777,658793.6236,4768729.737,-79.050105,43.054653
25599,25600,658234.7813,4768732.058,-79.056963,43.05479
13398,13399,658805.2566,4768733.419,-79.049962,43.054683
4459,4460,658218.6186,4768735.197,-79.057161,43.054822
22877,22878,658828.9453,4768737.251,-79.04967,43.054713
10670,10671,658850.5873,4768740.081,-79.049403,43.054734
9987,9988,658224.3606,4768741.106,-79.057088,43.054874
8374,8375,658237.7797,4768747.418,-79.056922,43.054928
9860,9861,658302.9379,4768748.018,-79.056122,43.05492
20186,20187,658931.5919,4768754.496,-79.048405,43.054847
24085,24086,658946.9533,4768757.776,-79.048216,43.054873
18528,18529,658982.7636,4768763.522,-79.047775,43.054917
89,90,658489.0724,4768766.246,-79.053833,43.055045
18923,18924,658484.5428,4768769.497,-79.053887,43.055075
18032,18033,658480.4406,4768772.623,-79.053937,43.055104
17156,17157,659032.8383,4768773.001,-79.047157,43.054992
21857,21858,658957.754,4768775.794,-79.048078,43.055033
20263,20264,658477.9987,4768775.944,-79.053966,43.055134
18462,18463,658527.0385,4768776.965,-79.053364,43.055133
24407,24408,658906.1232,4768777.204,-79.048711,43.055056
23562,23563,659059.1436,4768777.658,-79.046833,43.055028
18147,18148,658972.9731,4768778.352,-79.04789,43.055053
1719,1720,658352.6193,4768779.798,-79.055503,43.055195
17669,17670,659076.3569,4768780.969,-79.046621,43.055055
11456,11457,658360.6855,4768788.057,-79.055402,43.055268
10174,10175,658903.1212,4768796.161,-79.048743,43.055228
23533,23534,658889.0053,4768799.91,-79.048915,43.055264
17594,17595,658260.2293,4768799.984,-79.056631,43.055396
23114,23115,658283.7969,4768808.452,-79.05634,43.055468
20441,20442,658896.5294,4768811.398,-79.048819,43.055366
24028,24029,658555.5432,4768811.477,-79.053004,43.055438
22826,22827,658877.299,4768816.442,-79.049054,43.055416
10759,10760,658887.871,4768822.942,-79.048922,43.055472
16008,16009,658864.373,4768828.914,-79.049209,43.05553
2969,2970,658873.742,4768838.119,-79.049091,43.055611
7954,7955,658847.441,4768847.451,-79.049411,43.055701
18664,18665,658863.4001,4768847.932,-79.049215,43.055702
16051,16052,658400.0369,4768851.148,-79.054901,43.055828
6473,6474,658430.7821,4768860.74,-79.054521,43.055907
5510,5511,658832.1445,4768863.902,-79.049594,43.055852
16949,16950,658845.2292,4768866.478,-79.049433,43.055873
3990,3991,658833.445,4768879.221,-79.049574,43.05599
23169,23170,658813.788,4768881.279,-79.049815,43.056012
23896,23897,658821.9256,4768892.695,-79.049712,43.056113
19072,19073,658799.701,4768895.996,-79.049983,43.056148
14022,14023,658365.847,4768899.291,-79.055307,43.056268
12525,12526,658465.9836,4768899.637,-79.054078,43.05625
271,272,658470.9798,4768904.516,-79.054015,43.056293
2898,2899,658807.5619,4768905.615,-79.049884,43.056233
3008,3009,658786.5314,4768906.047,-79.050142,43.056241
8827,8828,658375.4127,4768910.934,-79.055186,43.056371
18783,18784,658768.926,4768914.416,-79.050356,43.05632
13599,13600,658760.4757,4768920.421,-79.050458,43.056376
1893,1894,658793.9945,4768920.641,-79.050046,43.056371
8817,8818,658391.5652,4768927.906,-79.054983,43.05652
25773,25774,659016.9151,4768929.959,-79.047308,43.056408
8431,8432,658760.0908,4768931.292,-79.050459,43.056474
5617,5618,658492.8715,4768934.691,-79.053738,43.05656
22402,22403,659006.6492,4768939.842,-79.047431,43.056499
1677,1678,658793.2997,4768942.249,-79.050049,43.056565
16767,16768,658508.0578,4768951.906,-79.053547,43.056712
11745,11746,658787.3217,4768954.491,-79.050119,43.056677
25459,25460,658683.242,4768954.692,-79.051396,43.0567
11153,11154,658806.9607,4768956.487,-79.049877,43.056691
2311,2312,658516.3176,4768960.944,-79.053443,43.056791
15543,15544,658796.2002,4768963.824,-79.050007,43.056759
7309,7310,658684.1855,4768978.477,-79.051378,43.056914
19663,19664,658820.6541,4768978.567,-79.049703,43.056886
22384,22385,658686.9081,4768980.272,-79.051344,43.05693
14579,14580,658795.6371,4768983.118,-79.050008,43.056933
2795,2796,658812.9097,4768985.157,-79.049796,43.056947
3382,3383,658780.8562,4768995.036,-79.050186,43.057043
24371,24372,658798.9671,4768995.964,-79.049964,43.057048
25243,25244,658793.6759,4769000.87,-79.050027,43.057093
13872,13873,658764.5499,4769010.641,-79.050382,43.057187
10839,10840,658722.6006,4769021.787,-79.050894,43.057296
1268,1269,658748.9259,4769022.947,-79.05057,43.057301
8080,8081,658758.5223,4769029.874,-79.050451,43.057361
20525,20526,658733.8718,4769034.273,-79.050752,43.057406
1916,1917,658735.7379,4769036.444,-79.050728,43.057425
8287,8288,658594.342,4769041.489,-79.052462,43.0575
3386,3387,658744.253,4769045.9,-79.050621,43.057508
23728,23729,658768.5805,4769050.909,-79.050321,43.057548
6525,6526,658507.8893,4769051.273,-79.05352,43.057606
7311,7312,658748.6933,4769051.466,-79.050565,43.057558
12483,12484,658751.6326,4769054.092,-79.050528,43.057581
4714,4715,658773.3776,4769056.347,-79.050261,43.057596
834,835,658600.6801,4769074.436,-79.052375,43.057795
24282,24283,658614.4542,4769090.537,-79.052201,43.057937
16197,16198,658560.726,4769131.349,-79.052849,43.058316
22549,22550,658576.3785,4769132.16,-79.052657,43.05832
9410,9411,658565.6732,4769135.81,-79.052787,43.058355
19269,19270,658659.0665,4769140.243,-79.05164,43.058375
10718,10719,658584.6508,4769141.811,-79.052553,43.058405
22823,22824,658573.9455,4769146.19,-79.052683,43.058447
4637,4638,658678.9473,4769162.065,-79.051389,43.058568
6731,6732,658606.548,4769165.736,-79.052277,43.058616
16370,16371,658629.3373,4769167.682,-79.051997,43.058628
2812,2813,658686.7028,4769169.448,-79.051292,43.058632
14958,14959,658627.3098,4769169.548,-79.052021,43.058646
15909,15910,658705.6275,4769191.337,-79.051054,43.058825
